TV,Radio,Newspaper,Predicted_Sales
6.8,13.4,8.9,68.50078821885833
0.4,1.1,56.8,185.98080592104955
698.7,572.8,183.9,3346.49006302256
